file,label
train\others\bkl00024.jpg,others
train\others\mel02099.jpg,others
train\others\def00074.jpg,others
train\others\ack00089.jpg,others
train\nevus\nev07452.jpg,nevus
train\nevus\nev04815.jpg,nevus
train\nevus\nev05946.jpg,nevus
train\nevus\nev04966.jpg,nevus
train\nevus\nev06012.jpg,nevus
train\nevus\nev07258.jpg,nevus
train\nevus\nev03456.jpg,nevus
train\nevus\nev05974.jpg,nevus
train\nevus\nev04459.jpg,nevus
train\others\bcc00710.jpg,others
train\others\bcc00068.jpg,others
train\others\bkl00864.jpg,others
train\others\mel00438.jpg,others
train\nevus\nev06499.jpg,nevus
train\nevus\nev03367.jpg,nevus
train\others\bcc00413.jpg,others
train\others\def00024.jpg,others
train\nevus\nev07520.jpg,nevus
train\others\mel01551.jpg,others
train\nevus\nev07287.jpg,nevus
train\others\mel01874.jpg,others
train\others\ack00083.jpg,others
train\others\bcc00681.jpg,others
train\others\mel01549.jpg,others
train\others\bkl01544.jpg,others
train\nevus\nev06498.jpg,nevus
train\nevus\nev00430.jpg,nevus
train\others\mel01044.jpg,others
train\nevus\nev02978.jpg,nevus
train\nevus\nev06634.jpg,nevus
train\others\bkl01512.jpg,others
train\others\mel01800.jpg,others
train\nevus\nev03870.jpg,nevus
train\nevus\nev00586.jpg,nevus
train\others\bkl00318.jpg,others
train\others\bkl01531.jpg,others
train\nevus\nev06059.jpg,nevus
train\nevus\nev04036.jpg,nevus
train\nevus\nev04031.jpg,nevus
train\nevus\nev06388.jpg,nevus
train\others\mel00108.jpg,others
train\nevus\nev04457.jpg,nevus
train\nevus\nev03396.jpg,nevus
train\nevus\nev01730.jpg,nevus
train\others\bcc00496.jpg,others
train\nevus\nev00446.jpg,nevus
train\nevus\nev02496.jpg,nevus
train\nevus\nev03752.jpg,nevus
train\nevus\nev02651.jpg,nevus
train\others\bcc01769.jpg,others
train\nevus\nev06786.jpg,nevus
train\others\scc00329.jpg,others
train\nevus\nev05775.jpg,nevus
train\nevus\nev01555.jpg,nevus
train\others\bkl00700.jpg,others
train\nevus\nev07528.jpg,nevus
train\nevus\nev03013.jpg,nevus
train\others\bcc01380.jpg,others
train\others\ack00388.jpg,others
train\nevus\nev02307.jpg,nevus
train\nevus\nev02185.jpg,nevus
train\nevus\nev05024.jpg,nevus
train\nevus\nev07114.jpg,nevus
train\others\bcc00388.jpg,others
train\nevus\nev06716.jpg,nevus
train\others\bkl01353.jpg,others
train\others\mel01089.jpg,others
train\nevus\nev03382.jpg,nevus
train\others\mel00683.jpg,others
train\others\bcc00934.jpg,others
train\nevus\nev07558.jpg,nevus
train\nevus\nev04057.jpg,nevus
train\others\bkl01326.jpg,others
train\nevus\nev05913.jpg,nevus
train\nevus\nev02615.jpg,nevus
train\others\ack00380.jpg,others
train\nevus\nev00983.jpg,nevus
train\others\mel01629.jpg,others
train\others\bcc01886.jpg,others
train\others\mel00464.jpg,others
train\others\ack00519.jpg,others
train\others\bcc00487.jpg,others
train\nevus\nev00544.jpg,nevus
train\others\bkl00513.jpg,others
train\others\mel00218.jpg,others
train\nevus\nev05839.jpg,nevus
train\nevus\nev05767.jpg,nevus
train\nevus\nev01088.jpg,nevus
train\others\ack00435.jpg,others
train\nevus\nev03186.jpg,nevus
train\nevus\nev07144.jpg,nevus
train\nevus\nev05408.jpg,nevus
train\nevus\nev06035.jpg,nevus
train\nevus\nev03876.jpg,nevus
train\nevus\nev02211.jpg,nevus
train\nevus\nev06956.jpg,nevus
train\others\bkl00431.jpg,others
train\nevus\nev02599.jpg,nevus
train\nevus\nev00088.jpg,nevus
train\others\bkl00714.jpg,others
train\others\bcc00394.jpg,others
train\nevus\nev04558.jpg,nevus
train\nevus\nev00066.jpg,nevus
train\nevus\nev04962.jpg,nevus
train\nevus\nev02035.jpg,nevus
train\nevus\nev02447.jpg,nevus
train\others\ack00189.jpg,others
train\nevus\nev01177.jpg,nevus
train\nevus\nev01003.jpg,nevus
train\nevus\nev01056.jpg,nevus
train\others\scc00053.jpg,others
train\others\bkl00486.jpg,others
train\others\mel01254.jpg,others
train\nevus\nev01929.jpg,nevus
train\others\mel00086.jpg,others
train\nevus\nev00158.jpg,nevus
train\others\ack00204.jpg,others
train\nevus\nev03981.jpg,nevus
train\others\mel01718.jpg,others
train\others\mel00920.jpg,others
train\nevus\nev02938.jpg,nevus
train\nevus\nev01298.jpg,nevus
train\nevus\nev04085.jpg,nevus
train\others\ack00191.jpg,others
train\others\bcc01470.jpg,others
train\others\mel00785.jpg,others
train\others\mel01813.jpg,others
train\nevus\nev02198.jpg,nevus
train\others\bcc00398.jpg,others
train\nevus\nev01254.jpg,nevus
train\nevus\nev07610.jpg,nevus
train\others\mel00256.jpg,others
train\nevus\nev03071.jpg,nevus
train\nevus\nev02517.jpg,nevus
train\others\bkl00117.jpg,others
train\nevus\nev05782.jpg,nevus
train\nevus\nev03530.jpg,nevus
train\others\bcc01947.jpg,others
train\others\ack00467.jpg,others
train\others\bkl00102.jpg,others
train\nevus\nev06667.jpg,nevus
train\nevus\nev02848.jpg,nevus
train\nevus\nev05635.jpg,nevus
train\others\mel00861.jpg,others
train\nevus\nev04013.jpg,nevus
train\nevus\nev02969.jpg,nevus
train\nevus\nev03623.jpg,nevus
train\nevus\nev05433.jpg,nevus
train\nevus\nev02276.jpg,nevus
train\others\mel01129.jpg,others
train\nevus\nev03026.jpg,nevus
train\nevus\nev04848.jpg,nevus
train\others\mel00306.jpg,others
train\nevus\nev07454.jpg,nevus
train\nevus\nev00648.jpg,nevus
train\nevus\nev06624.jpg,nevus
train\nevus\nev05023.jpg,nevus
train\others\bkl01532.jpg,others
train\others\bcc01140.jpg,others
train\others\mel01168.jpg,others
train\nevus\nev06033.jpg,nevus
train\nevus\nev01453.jpg,nevus
train\others\mel00213.jpg,others
train\nevus\nev02998.jpg,nevus
train\others\ack00298.jpg,others
train\others\mel01049.jpg,others
train\nevus\nev05633.jpg,nevus
train\nevus\nev07033.jpg,nevus
train\nevus\nev00382.jpg,nevus
train\others\mel00085.jpg,others
train\others\mel00310.jpg,others
train\others\bcc01782.jpg,others
train\nevus\nev04468.jpg,nevus
train\nevus\nev03775.jpg,nevus
train\nevus\nev03442.jpg,nevus
train\nevus\nev05850.jpg,nevus
train\nevus\nev01222.jpg,nevus
train\others\bcc00317.jpg,others
train\others\mel01176.jpg,others
train\nevus\nev00042.jpg,nevus
train\nevus\nev00743.jpg,nevus
train\others\bkl01257.jpg,others
train\others\ack00306.jpg,others
train\others\mel00757.jpg,others
train\others\bkl01438.jpg,others
train\nevus\nev03182.jpg,nevus
train\nevus\nev01085.jpg,nevus
train\nevus\nev03099.jpg,nevus
train\nevus\nev00092.jpg,nevus
train\others\ack00274.jpg,others
train\others\bcc00839.jpg,others
train\others\mel02500.jpg,others
train\others\mel00325.jpg,others
train\others\mel02446.jpg,others
train\nevus\nev03401.jpg,nevus
train\nevus\nev04862.jpg,nevus
train\others\bcc00365.jpg,others
train\others\bcc01621.jpg,others
train\others\mel01696.jpg,others
train\nevus\nev00454.jpg,nevus
train\nevus\nev05389.jpg,nevus
train\others\bcc00331.jpg,others
train\others\mel02308.jpg,others
train\nevus\nev02179.jpg,nevus
train\nevus\nev05059.jpg,nevus
train\nevus\nev00677.jpg,nevus
train\nevus\nev01296.jpg,nevus
train\others\bkl00591.jpg,others
train\nevus\nev05777.jpg,nevus
train\others\bcc01866.jpg,others
train\others\bcc01092.jpg,others
train\others\ack00340.jpg,others
train\nevus\nev03612.jpg,nevus
train\nevus\nev01243.jpg,nevus
train\nevus\nev06384.jpg,nevus
train\nevus\nev01619.jpg,nevus
train\others\bcc01964.jpg,others
train\nevus\nev01043.jpg,nevus
train\others\ack00406.jpg,others
train\nevus\nev07376.jpg,nevus
train\others\bcc01421.jpg,others
train\nevus\nev02698.jpg,nevus
train\others\bcc01034.jpg,others
train\nevus\nev02413.jpg,nevus
train\others\bcc01402.jpg,others
train\nevus\nev07661.jpg,nevus
train\others\mel02007.jpg,others
train\others\def00015.jpg,others
train\others\mel00750.jpg,others
train\others\mel02670.jpg,others
train\nevus\nev05564.jpg,nevus
train\nevus\nev03892.jpg,nevus
train\others\vac00140.jpg,others
train\nevus\nev04205.jpg,nevus
train\others\scc00019.jpg,others
train\nevus\nev07068.jpg,nevus
train\nevus\nev06347.jpg,nevus
train\others\mel02356.jpg,others
train\others\bkl00603.jpg,others
train\others\bcc01203.jpg,others
train\nevus\nev04899.jpg,nevus
train\others\bkl00921.jpg,others
train\nevus\nev06259.jpg,nevus
train\nevus\nev04499.jpg,nevus
train\nevus\nev06880.jpg,nevus
train\nevus\nev07605.jpg,nevus
train\others\bcc00342.jpg,others
train\nevus\nev05063.jpg,nevus
train\others\bcc00089.jpg,others
train\nevus\nev02134.jpg,nevus
train\others\def00070.jpg,others
train\others\scc00291.jpg,others
train\others\mel00749.jpg,others
train\others\bkl00042.jpg,others
train\others\bcc00503.jpg,others
train\others\bkl01534.jpg,others
train\nevus\nev02898.jpg,nevus
train\nevus\nev04082.jpg,nevus
train\nevus\nev01104.jpg,nevus
train\others\mel01241.jpg,others
train\others\bkl01319.jpg,others
train\nevus\nev05671.jpg,nevus
train\nevus\nev01562.jpg,nevus
train\nevus\nev06268.jpg,nevus
train\nevus\nev05502.jpg,nevus
train\nevus\nev02578.jpg,nevus
train\nevus\nev00024.jpg,nevus
train\nevus\nev07296.jpg,nevus
train\nevus\nev02987.jpg,nevus
train\nevus\nev01189.jpg,nevus
train\nevus\nev02693.jpg,nevus
train\others\bkl00133.jpg,others
train\others\bcc01300.jpg,others
train\others\bcc01776.jpg,others
train\others\mel00827.jpg,others
train\others\bkl00757.jpg,others
train\nevus\nev02930.jpg,nevus
train\nevus\nev07580.jpg,nevus
train\nevus\nev03200.jpg,nevus
train\others\bcc00516.jpg,others
train\nevus\nev07154.jpg,nevus
train\nevus\nev06654.jpg,nevus
train\others\mel01398.jpg,others
train\nevus\nev00738.jpg,nevus
train\others\bcc01249.jpg,others
train\nevus\nev03351.jpg,nevus
train\nevus\nev03108.jpg,nevus
train\nevus\nev01079.jpg,nevus
train\others\bcc00406.jpg,others
train\others\mel01733.jpg,others
train\nevus\nev04882.jpg,nevus
train\others\mel00900.jpg,others
train\nevus\nev01919.jpg,nevus
train\others\mel01735.jpg,others
train\others\mel01514.jpg,others
train\others\bcc00771.jpg,others
train\others\mel01754.jpg,others
train\others\bkl00657.jpg,others
train\nevus\nev06940.jpg,nevus
train\nevus\nev02493.jpg,nevus
train\nevus\nev07493.jpg,nevus
train\others\bcc00750.jpg,others
train\others\scc00188.jpg,others
train\others\vac00128.jpg,others
train\nevus\nev06789.jpg,nevus
train\others\bkl00604.jpg,others
train\others\mel00455.jpg,others
train\others\ack00250.jpg,others
train\others\bcc00804.jpg,others
train\others\bkl00574.jpg,others
train\nevus\nev03520.jpg,nevus
train\others\ack00113.jpg,others
train\others\bcc01455.jpg,others
train\nevus\nev05304.jpg,nevus
train\nevus\nev01316.jpg,nevus
train\nevus\nev02616.jpg,nevus
train\nevus\nev00335.jpg,nevus
train\others\bcc00874.jpg,others
train\nevus\nev02964.jpg,nevus
train\nevus\nev02405.jpg,nevus
train\nevus\nev00519.jpg,nevus
train\others\bcc01355.jpg,others
train\others\bcc01558.jpg,others
train\others\mel01410.jpg,others
train\others\mel01462.jpg,others
train\nevus\nev03940.jpg,nevus
train\others\bcc01806.jpg,others
train\others\bcc00416.jpg,others
train\others\mel00648.jpg,others
train\nevus\nev01042.jpg,nevus
train\nevus\nev06568.jpg,nevus
train\others\ack00170.jpg,others
train\others\bcc01868.jpg,others
train\others\mel02208.jpg,others
train\nevus\nev07654.jpg,nevus
train\nevus\nev04073.jpg,nevus
train\nevus\nev05607.jpg,nevus
train\others\bkl00007.jpg,others
train\nevus\nev02349.jpg,nevus
train\others\mel02467.jpg,others
train\others\mel02682.jpg,others
train\others\bcc01014.jpg,others
train\nevus\nev03746.jpg,nevus
train\nevus\nev05867.jpg,nevus
train\nevus\nev02727.jpg,nevus
train\nevus\nev06889.jpg,nevus
train\others\bkl00547.jpg,others
train\nevus\nev06246.jpg,nevus
train\others\mel01655.jpg,others
train\nevus\nev01618.jpg,nevus
train\others\mel02663.jpg,others
train\nevus\nev04757.jpg,nevus
train\nevus\nev04818.jpg,nevus
train\others\mel00662.jpg,others
train\nevus\nev00223.jpg,nevus
train\nevus\nev07118.jpg,nevus
train\nevus\nev02334.jpg,nevus
train\nevus\nev04276.jpg,nevus
train\nevus\nev03897.jpg,nevus
train\nevus\nev02352.jpg,nevus
train\nevus\nev01427.jpg,nevus
train\others\mel01162.jpg,others
train\others\mel00401.jpg,others
train\nevus\nev03858.jpg,nevus
train\others\vac00067.jpg,others
train\others\mel01383.jpg,others
train\others\bcc01280.jpg,others
train\others\bkl01345.jpg,others
train\nevus\nev05009.jpg,nevus
train\others\mel00996.jpg,others
train\nevus\nev01489.jpg,nevus
train\nevus\nev01859.jpg,nevus
train\others\bcc01307.jpg,others
train\others\bkl00148.jpg,others
train\others\bcc00601.jpg,others
train\nevus\nev01570.jpg,nevus
train\others\bkl00924.jpg,others
train\others\bcc01242.jpg,others
train\nevus\nev07283.jpg,nevus
train\nevus\nev06356.jpg,nevus
train\others\ack00291.jpg,others
train\others\bkl00039.jpg,others
train\nevus\nev06628.jpg,nevus
train\others\bkl00057.jpg,others
train\others\mel00301.jpg,others
train\nevus\nev01563.jpg,nevus
train\others\bcc01502.jpg,others
train\others\bkl01348.jpg,others
train\others\mel00181.jpg,others
train\others\bcc01811.jpg,others
train\nevus\nev06238.jpg,nevus
train\others\bkl00783.jpg,others
train\nevus\nev02440.jpg,nevus
train\others\ack00260.jpg,others
train\nevus\nev01873.jpg,nevus
train\nevus\nev05075.jpg,nevus
train\nevus\nev01836.jpg,nevus
train\nevus\nev05703.jpg,nevus
train\nevus\nev01887.jpg,nevus
train\nevus\nev00697.jpg,nevus
train\nevus\nev04442.jpg,nevus
train\others\bcc00336.jpg,others
train\nevus\nev03317.jpg,nevus
train\nevus\nev05205.jpg,nevus
train\nevus\nev01865.jpg,nevus
train\others\bcc01028.jpg,others
train\nevus\nev01331.jpg,nevus
train\others\ack00039.jpg,others
train\others\mel00227.jpg,others
train\nevus\nev06850.jpg,nevus
train\others\bcc01959.jpg,others
train\nevus\nev07218.jpg,nevus
train\nevus\nev04374.jpg,nevus
train\nevus\nev00866.jpg,nevus
train\others\bkl00308.jpg,others
train\others\mel00060.jpg,others
train\others\mel00670.jpg,others
train\others\bcc00818.jpg,others
train\others\bcc01310.jpg,others
train\nevus\nev04255.jpg,nevus
train\nevus\nev07674.jpg,nevus
train\others\mel01324.jpg,others
train\others\mel00869.jpg,others
train\others\mel00890.jpg,others
train\others\bcc01626.jpg,others
train\nevus\nev01173.jpg,nevus
train\others\bcc01479.jpg,others
train\nevus\nev06095.jpg,nevus
train\nevus\nev02583.jpg,nevus
train\others\bkl00906.jpg,others
train\others\def00104.jpg,others
train\others\mel02247.jpg,others
train\others\mel01811.jpg,others
train\nevus\nev06013.jpg,nevus
train\others\bkl00055.jpg,others
train\others\bcc00694.jpg,others
train\others\bcc01970.jpg,others
train\nevus\nev04054.jpg,nevus
train\others\bkl00054.jpg,others
train\nevus\nev07517.jpg,nevus
train\others\bcc00757.jpg,others
train\others\bkl00149.jpg,others
train\others\bcc01654.jpg,others
train\others\bcc00848.jpg,others
train\nevus\nev04620.jpg,nevus
train\nevus\nev04743.jpg,nevus
train\nevus\nev01329.jpg,nevus
train\others\ack00148.jpg,others
train\nevus\nev07092.jpg,nevus
train\others\bcc00418.jpg,others
train\nevus\nev04867.jpg,nevus
train\nevus\nev01884.jpg,nevus
train\nevus\nev02292.jpg,nevus
train\others\mel00124.jpg,others
train\others\mel00151.jpg,others
train\nevus\nev04011.jpg,nevus
train\nevus\nev05293.jpg,nevus
train\nevus\nev02302.jpg,nevus
train\others\mel00335.jpg,others
train\nevus\nev03086.jpg,nevus
train\nevus\nev04898.jpg,nevus
train\nevus\nev03188.jpg,nevus
train\others\mel00680.jpg,others
train\nevus\nev02479.jpg,nevus
train\nevus\nev01200.jpg,nevus
train\others\mel01641.jpg,others
train\others\mel01170.jpg,others
train\nevus\nev07129.jpg,nevus
train\nevus\nev04465.jpg,nevus
train\others\bcc01143.jpg,others
train\nevus\nev03465.jpg,nevus
train\others\bcc01000.jpg,others
train\others\mel00870.jpg,others
train\nevus\nev00995.jpg,nevus
train\others\bkl00801.jpg,others
train\others\mel00696.jpg,others
train\others\scc00166.jpg,others
train\nevus\nev03471.jpg,nevus
train\nevus\nev01633.jpg,nevus
train\nevus\nev06569.jpg,nevus
train\others\ack00203.jpg,others
train\nevus\nev03699.jpg,nevus
train\others\mel02399.jpg,others
train\others\ack00437.jpg,others
train\nevus\nev07187.jpg,nevus
train\others\scc00155.jpg,others
train\others\bcc01293.jpg,others
train\others\bcc01259.jpg,others
train\others\ack00352.jpg,others
train\nevus\nev00958.jpg,nevus
train\nevus\nev04920.jpg,nevus
train\others\bkl00939.jpg,others
train\others\mel01893.jpg,others
train\others\def00111.jpg,others
train\others\mel01423.jpg,others
train\nevus\nev05330.jpg,nevus
train\others\bkl01397.jpg,others
train\nevus\nev06810.jpg,nevus
train\nevus\nev06704.jpg,nevus
train\others\def00082.jpg,others
train\others\scc00185.jpg,others
train\others\mel00158.jpg,others
train\nevus\nev07444.jpg,nevus
train\nevus\nev01062.jpg,nevus
train\others\bkl01072.jpg,others
train\others\bkl00280.jpg,others
train\nevus\nev03657.jpg,nevus
train\nevus\nev03983.jpg,nevus
train\others\bcc01638.jpg,others
train\others\mel00613.jpg,others
train\nevus\nev02158.jpg,nevus
train\others\bcc00518.jpg,others
train\nevus\nev03439.jpg,nevus
train\nevus\nev06430.jpg,nevus
train\others\bcc00970.jpg,others
train\nevus\nev02424.jpg,nevus
train\nevus\nev03817.jpg,nevus
train\others\scc00326.jpg,others
train\nevus\nev00169.jpg,nevus
train\others\ack00068.jpg,others
train\nevus\nev00186.jpg,nevus
train\nevus\nev01663.jpg,nevus
train\others\mel00526.jpg,others
train\nevus\nev07382.jpg,nevus
train\nevus\nev07497.jpg,nevus
train\others\bcc01993.jpg,others
train\nevus\nev01756.jpg,nevus
train\nevus\nev05511.jpg,nevus
train\others\bkl00347.jpg,others
train\others\bcc01228.jpg,others
train\nevus\nev06207.jpg,nevus
train\nevus\nev02021.jpg,nevus
train\nevus\nev06256.jpg,nevus
train\others\bcc00404.jpg,others
train\nevus\nev04520.jpg,nevus
train\nevus\nev07359.jpg,nevus
train\nevus\nev02575.jpg,nevus
train\others\mel01626.jpg,others
train\others\scc00296.jpg,others
train\nevus\nev02284.jpg,nevus
train\nevus\nev04694.jpg,nevus
train\nevus\nev07173.jpg,nevus
train\others\mel02421.jpg,others
train\others\bkl00443.jpg,others
train\others\mel02042.jpg,others
train\others\def00068.jpg,others
train\others\bkl00260.jpg,others
train\nevus\nev03718.jpg,nevus
train\others\mel01609.jpg,others
train\nevus\nev04783.jpg,nevus
train\others\vac00143.jpg,others
train\nevus\nev00836.jpg,nevus
train\nevus\nev03342.jpg,nevus
train\nevus\nev03197.jpg,nevus
train\others\mel02235.jpg,others
train\nevus\nev03784.jpg,nevus
train\nevus\nev05654.jpg,nevus
train\nevus\nev04895.jpg,nevus
train\nevus\nev06006.jpg,nevus
train\others\vac00003.jpg,others
train\others\ack00518.jpg,others
train\nevus\nev07349.jpg,nevus
train\nevus\nev00867.jpg,nevus
train\nevus\nev05614.jpg,nevus
train\nevus\nev00880.jpg,nevus
train\nevus\nev05126.jpg,nevus
train\nevus\nev01916.jpg,nevus
train\nevus\nev01818.jpg,nevus
train\nevus\nev02759.jpg,nevus
train\nevus\nev00246.jpg,nevus
train\nevus\nev04101.jpg,nevus
train\nevus\nev05448.jpg,nevus
train\nevus\nev02115.jpg,nevus
train\others\bkl00283.jpg,others
train\nevus\nev07188.jpg,nevus
train\nevus\nev03412.jpg,nevus
train\others\bkl01096.jpg,others
train\others\bcc00341.jpg,others
train\nevus\nev07260.jpg,nevus
train\nevus\nev01784.jpg,nevus
train\others\mel02523.jpg,others
train\others\bkl00608.jpg,others
train\nevus\nev07428.jpg,nevus
train\nevus\nev05195.jpg,nevus
train\nevus\nev01076.jpg,nevus
train\others\mel02314.jpg,others
train\nevus\nev00774.jpg,nevus
train\nevus\nev04995.jpg,nevus
train\others\mel02062.jpg,others
train\nevus\nev06517.jpg,nevus
train\nevus\nev00928.jpg,nevus
train\nevus\nev03833.jpg,nevus
train\others\bcc01796.jpg,others
train\nevus\nev03081.jpg,nevus
train\nevus\nev02689.jpg,nevus
train\others\ack00020.jpg,others
train\nevus\nev02719.jpg,nevus
train\others\mel00590.jpg,others
train\others\bcc01448.jpg,others
train\others\mel00277.jpg,others
train\others\mel02512.jpg,others
train\nevus\nev05940.jpg,nevus
train\others\bkl00997.jpg,others
train\nevus\nev03306.jpg,nevus
train\nevus\nev02261.jpg,nevus
train\others\ack00404.jpg,others
train\nevus\nev04081.jpg,nevus
train\nevus\nev01421.jpg,nevus
train\nevus\nev02958.jpg,nevus
train\others\bcc01221.jpg,others
train\nevus\nev00319.jpg,nevus
train\others\scc00257.jpg,others
train\nevus\nev01722.jpg,nevus
train\others\mel00940.jpg,others
train\others\bcc01493.jpg,others
train\others\bkl01078.jpg,others
train\nevus\nev04140.jpg,nevus
train\nevus\nev05653.jpg,nevus
train\others\mel01721.jpg,others
train\nevus\nev03313.jpg,nevus
train\others\ack00366.jpg,others
train\nevus\nev01401.jpg,nevus
train\others\mel01047.jpg,others
train\nevus\nev05975.jpg,nevus
train\others\ack00424.jpg,others
train\nevus\nev01881.jpg,nevus
train\nevus\nev07706.jpg,nevus
train\others\mel00497.jpg,others
train\others\mel01444.jpg,others
train\others\mel01053.jpg,others
train\others\mel02355.jpg,others
train\others\mel01935.jpg,others
train\others\bkl00951.jpg,others
train\others\bcc00309.jpg,others
train\others\bkl00546.jpg,others
train\others\mel00041.jpg,others
train\others\bcc00515.jpg,others
train\nevus\nev02516.jpg,nevus
train\nevus\nev03077.jpg,nevus
train\nevus\nev00102.jpg,nevus
train\nevus\nev01917.jpg,nevus
train\others\mel01210.jpg,others
train\nevus\nev04267.jpg,nevus
train\others\bcc01451.jpg,others
train\others\mel01325.jpg,others
train\nevus\nev05741.jpg,nevus
train\nevus\nev05434.jpg,nevus
train\nevus\nev06219.jpg,nevus
train\others\ack00130.jpg,others
train\nevus\nev01666.jpg,nevus
train\nevus\nev04794.jpg,nevus
train\others\bcc01566.jpg,others
train\others\bcc00615.jpg,others
train\nevus\nev00812.jpg,nevus
train\others\scc00167.jpg,others
train\others\mel01906.jpg,others
train\others\mel01747.jpg,others
train\others\ack00477.jpg,others
train\nevus\nev05516.jpg,nevus
train\nevus\nev04217.jpg,nevus
train\others\mel02168.jpg,others
train\others\bkl00577.jpg,others
train\others\scc00096.jpg,others
train\nevus\nev02064.jpg,nevus
train\nevus\nev02416.jpg,nevus
train\nevus\nev00133.jpg,nevus
train\nevus\nev00436.jpg,nevus
train\nevus\nev04487.jpg,nevus
train\nevus\nev03353.jpg,nevus
train\nevus\nev00094.jpg,nevus
train\others\bcc01113.jpg,others
train\nevus\nev05965.jpg,nevus
train\nevus\nev05494.jpg,nevus
train\nevus\nev04944.jpg,nevus
train\others\mel01640.jpg,others
train\nevus\nev05719.jpg,nevus
train\nevus\nev01967.jpg,nevus
train\nevus\nev02120.jpg,nevus
train\nevus\nev01129.jpg,nevus
train\nevus\nev02319.jpg,nevus
train\others\bkl00006.jpg,others
train\others\bkl00696.jpg,others
train\nevus\nev01567.jpg,nevus
train\others\mel01216.jpg,others
train\nevus\nev04591.jpg,nevus
train\others\ack00479.jpg,others
train\nevus\nev06672.jpg,nevus
train\others\ack00177.jpg,others
train\nevus\nev05847.jpg,nevus
train\others\scc00179.jpg,others
train\others\mel02290.jpg,others
train\others\bkl00612.jpg,others
train\others\bkl01401.jpg,others
train\others\mel02522.jpg,others
train\others\bcc01624.jpg,others
train\others\scc00017.jpg,others
train\others\bkl00077.jpg,others
train\others\bcc01111.jpg,others
train\others\scc00184.jpg,others
train\nevus\nev07612.jpg,nevus
train\nevus\nev02358.jpg,nevus
train\others\bcc01931.jpg,others
train\nevus\nev02860.jpg,nevus
train\others\bkl00831.jpg,others
train\others\mel00353.jpg,others
train\others\mel00450.jpg,others
train\nevus\nev02993.jpg,nevus
train\others\bcc01437.jpg,others
train\others\bcc01043.jpg,others
train\nevus\nev02742.jpg,nevus
train\nevus\nev01143.jpg,nevus
train\others\mel02543.jpg,others
train\nevus\nev01883.jpg,nevus
train\nevus\nev03974.jpg,nevus
train\nevus\nev01035.jpg,nevus
train\nevus\nev06054.jpg,nevus
train\others\mel01555.jpg,others
train\nevus\nev01374.jpg,nevus
train\nevus\nev01010.jpg,nevus
train\nevus\nev05217.jpg,nevus
train\nevus\nev03255.jpg,nevus
train\others\bkl00097.jpg,others
train\nevus\nev00857.jpg,nevus
train\nevus\nev04415.jpg,nevus
train\others\mel00297.jpg,others
train\nevus\nev04418.jpg,nevus
train\others\ack00512.jpg,others
train\others\mel00892.jpg,others
train\nevus\nev04047.jpg,nevus
train\nevus\nev00535.jpg,nevus
train\others\mel00367.jpg,others
train\others\mel02624.jpg,others
train\others\mel02009.jpg,others
train\nevus\nev00971.jpg,nevus
train\nevus\nev04710.jpg,nevus
train\others\bcc00245.jpg,others
train\nevus\nev03935.jpg,nevus
train\others\bkl00602.jpg,others
train\nevus\nev00229.jpg,nevus
train\nevus\nev03905.jpg,nevus
train\others\scc00144.jpg,others
train\others\mel00865.jpg,others
train\others\bkl00811.jpg,others
train\others\scc00335.jpg,others
train\nevus\nev00177.jpg,nevus
train\nevus\nev00168.jpg,nevus
train\nevus\nev07719.jpg,nevus
train\others\ack00287.jpg,others
train\nevus\nev02339.jpg,nevus
train\others\mel00466.jpg,others
train\others\scc00007.jpg,others
train\nevus\nev03758.jpg,nevus
train\others\mel00360.jpg,others
train\nevus\nev00744.jpg,nevus
train\nevus\nev04709.jpg,nevus
train\nevus\nev02664.jpg,nevus
train\others\mel00272.jpg,others
train\others\bkl00360.jpg,others
train\nevus\nev00574.jpg,nevus
train\nevus\nev03001.jpg,nevus
train\others\bkl00953.jpg,others
train\nevus\nev03072.jpg,nevus
train\others\bcc01061.jpg,others
train\nevus\nev01006.jpg,nevus
train\others\mel01659.jpg,others
train\nevus\nev03919.jpg,nevus
train\others\mel01337.jpg,others
train\others\bcc00431.jpg,others
train\others\def00014.jpg,others
train\nevus\nev05648.jpg,nevus
train\others\mel00889.jpg,others
train\others\vac00015.jpg,others
train\nevus\nev04864.jpg,nevus
train\nevus\nev05787.jpg,nevus
train\others\bkl00795.jpg,others
train\others\bcc01712.jpg,others
train\nevus\nev02133.jpg,nevus
train\others\mel00818.jpg,others
train\nevus\nev02338.jpg,nevus
train\others\mel01932.jpg,others
train\nevus\nev01607.jpg,nevus
train\nevus\nev03541.jpg,nevus
train\nevus\nev04994.jpg,nevus
train\others\bkl00972.jpg,others
train\nevus\nev05534.jpg,nevus
train\nevus\nev05341.jpg,nevus
train\nevus\nev02620.jpg,nevus
train\others\mel01150.jpg,others
train\nevus\nev04587.jpg,nevus
train\nevus\nev06991.jpg,nevus
train\nevus\nev01426.jpg,nevus
train\nevus\nev04673.jpg,nevus
train\others\mel01723.jpg,others
train\others\bcc01333.jpg,others
train\others\mel02188.jpg,others
train\others\bcc01301.jpg,others
train\nevus\nev07554.jpg,nevus
train\nevus\nev02790.jpg,nevus
train\nevus\nev02489.jpg,nevus
train\nevus\nev00466.jpg,nevus
train\others\ack00073.jpg,others
train\nevus\nev04075.jpg,nevus
train\nevus\nev04656.jpg,nevus
train\others\ack00048.jpg,others
train\nevus\nev06735.jpg,nevus
train\others\bcc00209.jpg,others
train\others\bcc01383.jpg,others
train\nevus\nev04665.jpg,nevus
train\nevus\nev07184.jpg,nevus
train\others\mel01490.jpg,others
train\nevus\nev05567.jpg,nevus
train\others\bcc00831.jpg,others
train\nevus\nev01738.jpg,nevus
train\others\bcc00363.jpg,others
train\others\bcc01224.jpg,others
train\others\def00100.jpg,others
train\nevus\nev03464.jpg,nevus
train\others\bkl01462.jpg,others
train\nevus\nev04274.jpg,nevus
train\nevus\nev04857.jpg,nevus
train\nevus\nev03615.jpg,nevus
train\nevus\nev01678.jpg,nevus
train\nevus\nev01262.jpg,nevus
train\others\ack00361.jpg,others
train\others\ack00516.jpg,others
train\nevus\nev04817.jpg,nevus
train\others\mel01300.jpg,others
train\nevus\nev00438.jpg,nevus
train\nevus\nev07168.jpg,nevus
train\nevus\nev02408.jpg,nevus
train\nevus\nev06063.jpg,nevus
train\nevus\nev07366.jpg,nevus
train\others\bcc01376.jpg,others
train\others\bcc01721.jpg,others
train\nevus\nev04479.jpg,nevus
train\others\bkl00194.jpg,others
train\others\bcc01751.jpg,others
train\nevus\nev01439.jpg,nevus
train\others\mel01699.jpg,others
train\nevus\nev04265.jpg,nevus
train\others\mel00823.jpg,others
train\others\bcc00649.jpg,others
train\others\bkl00480.jpg,others
train\nevus\nev01198.jpg,nevus
train\others\scc00320.jpg,others
train\others\mel00408.jpg,others
train\others\bkl00512.jpg,others
train\nevus\nev00062.jpg,nevus
train\nevus\nev05396.jpg,nevus
train\others\bkl01067.jpg,others
train\others\mel02605.jpg,others
train\nevus\nev02834.jpg,nevus
train\nevus\nev00096.jpg,nevus
train\nevus\nev03249.jpg,nevus
train\nevus\nev05138.jpg,nevus
train\others\bkl00231.jpg,others
train\others\bcc00801.jpg,others
train\others\mel02708.jpg,others
train\nevus\nev05823.jpg,nevus
train\others\mel01617.jpg,others
train\others\mel00883.jpg,others
train\others\mel00129.jpg,others
train\nevus\nev01732.jpg,nevus
train\nevus\nev00264.jpg,nevus
train\others\bcc00180.jpg,others
train\nevus\nev03438.jpg,nevus
train\nevus\nev03847.jpg,nevus
train\nevus\nev05165.jpg,nevus
train\nevus\nev07450.jpg,nevus
train\others\bcc00090.jpg,others
train\nevus\nev00684.jpg,nevus
train\others\ack00515.jpg,others
train\others\bcc00856.jpg,others
train\nevus\nev07478.jpg,nevus
train\nevus\nev04664.jpg,nevus
train\others\bkl01065.jpg,others
train\nevus\nev02577.jpg,nevus
train\nevus\nev01833.jpg,nevus
train\nevus\nev01670.jpg,nevus
train\nevus\nev05258.jpg,nevus
train\others\bkl00973.jpg,others
train\nevus\nev01566.jpg,nevus
train\nevus\nev02796.jpg,nevus
train\nevus\nev02070.jpg,nevus
train\nevus\nev03796.jpg,nevus
train\others\mel02065.jpg,others
train\others\scc00236.jpg,others
train\others\mel02637.jpg,others
train\others\vac00066.jpg,others
train\others\bcc01471.jpg,others
train\others\bcc01177.jpg,others
train\others\bkl00558.jpg,others
train\others\mel02039.jpg,others
train\others\mel01538.jpg,others
train\nevus\nev05556.jpg,nevus
train\others\vac00054.jpg,others
train\others\mel00908.jpg,others
train\others\bkl00202.jpg,others
train\others\ack00364.jpg,others
train\nevus\nev05372.jpg,nevus
train\nevus\nev05365.jpg,nevus
train\others\bkl00327.jpg,others
train\nevus\nev00762.jpg,nevus
train\nevus\nev02886.jpg,nevus
train\others\bkl00393.jpg,others
train\nevus\nev06613.jpg,nevus
train\nevus\nev06680.jpg,nevus
train\others\mel01296.jpg,others
train\nevus\nev06453.jpg,nevus
train\others\bkl00172.jpg,others
train\nevus\nev05062.jpg,nevus
train\others\mel01038.jpg,others
train\others\mel01497.jpg,others
train\nevus\nev01871.jpg,nevus
train\nevus\nev04989.jpg,nevus
train\others\bcc01617.jpg,others
train\nevus\nev02933.jpg,nevus
train\nevus\nev07161.jpg,nevus
train\others\mel01603.jpg,others
train\nevus\nev04871.jpg,nevus
train\nevus\nev03937.jpg,nevus
train\others\bkl01335.jpg,others
train\nevus\nev01516.jpg,nevus
train\nevus\nev02760.jpg,nevus
train\others\bcc00004.jpg,others
train\others\mel00915.jpg,others
train\others\bcc00748.jpg,others
train\others\scc00290.jpg,others
train\nevus\nev07316.jpg,nevus
train\others\bkl01009.jpg,others
train\others\bkl00501.jpg,others
train\nevus\nev07592.jpg,nevus
train\others\bcc00802.jpg,others
train\others\mel00540.jpg,others
train\others\bkl00061.jpg,others
train\nevus\nev05769.jpg,nevus
train\others\bcc00384.jpg,others
train\nevus\nev01264.jpg,nevus
train\others\mel01298.jpg,others
train\others\mel00675.jpg,others
train\nevus\nev01872.jpg,nevus
train\others\bkl01007.jpg,others
train\nevus\nev06030.jpg,nevus
train\nevus\nev02922.jpg,nevus
train\nevus\nev02642.jpg,nevus
train\nevus\nev06200.jpg,nevus
train\nevus\nev02209.jpg,nevus
train\nevus\nev04604.jpg,nevus
train\nevus\nev03998.jpg,nevus
train\others\scc00032.jpg,others
train\nevus\nev04540.jpg,nevus
train\others\mel02584.jpg,others
train\nevus\nev03559.jpg,nevus
train\nevus\nev06439.jpg,nevus
train\nevus\nev07097.jpg,nevus
train\others\bkl01505.jpg,others
train\nevus\nev00829.jpg,nevus
train\nevus\nev03128.jpg,nevus
train\others\mel00362.jpg,others
train\others\bcc01225.jpg,others
train\others\bkl00413.jpg,others
train\others\bkl00394.jpg,others
train\nevus\nev04772.jpg,nevus
train\nevus\nev02524.jpg,nevus
train\nevus\nev03938.jpg,nevus
train\nevus\nev04229.jpg,nevus
train\others\bkl00533.jpg,others
train\nevus\nev01966.jpg,nevus
train\others\bkl01145.jpg,others
train\others\bcc00735.jpg,others
train\nevus\nev01045.jpg,nevus
train\others\ack00262.jpg,others
train\others\bcc01897.jpg,others
train\others\bkl01050.jpg,others
train\nevus\nev04776.jpg,nevus
train\nevus\nev00626.jpg,nevus
train\nevus\nev00473.jpg,nevus
train\others\scc00347.jpg,others
train\nevus\nev03400.jpg,nevus
train\nevus\nev02032.jpg,nevus
train\others\scc00062.jpg,others
train\others\bcc00912.jpg,others
train\nevus\nev02273.jpg,nevus
train\nevus\nev06871.jpg,nevus
train\others\ack00469.jpg,others
train\nevus\nev07543.jpg,nevus
train\nevus\nev02250.jpg,nevus
train\others\ack00045.jpg,others
train\nevus\nev04629.jpg,nevus
train\others\mel01584.jpg,others
train\others\mel00112.jpg,others
train\others\bcc01664.jpg,others
train\nevus\nev05713.jpg,nevus
train\nevus\nev02888.jpg,nevus
train\nevus\nev04158.jpg,nevus
train\others\mel00379.jpg,others
train\nevus\nev07623.jpg,nevus
train\nevus\nev05346.jpg,nevus
train\nevus\nev03476.jpg,nevus
train\others\scc00328.jpg,others
train\nevus\nev03716.jpg,nevus
train\others\mel01450.jpg,others
train\nevus\nev02446.jpg,nevus
train\nevus\nev07289.jpg,nevus
train\others\mel01833.jpg,others
train\others\bkl00699.jpg,others
train\nevus\nev06260.jpg,nevus
train\others\bkl00408.jpg,others
train\others\ack00169.jpg,others
train\nevus\nev07666.jpg,nevus
train\others\bcc00602.jpg,others
train\others\mel00536.jpg,others
train\nevus\nev02200.jpg,nevus
train\nevus\nev03048.jpg,nevus
train\others\bkl00784.jpg,others
train\nevus\nev04583.jpg,nevus
train\nevus\nev05461.jpg,nevus
train\nevus\nev07229.jpg,nevus
train\others\bcc00998.jpg,others
train\nevus\nev05273.jpg,nevus
train\others\bcc01532.jpg,others
train\others\bcc00568.jpg,others
train\nevus\nev06146.jpg,nevus
train\nevus\nev03618.jpg,nevus
train\others\bcc00935.jpg,others
train\others\mel00738.jpg,others
train\others\mel02443.jpg,others
train\nevus\nev05133.jpg,nevus
train\nevus\nev00180.jpg,nevus
train\nevus\nev06780.jpg,nevus
train\others\mel01169.jpg,others
train\others\bkl00957.jpg,others
train\others\bcc00052.jpg,others
train\others\def00035.jpg,others
train\nevus\nev06836.jpg,nevus
train\others\bcc01779.jpg,others
train\nevus\nev06496.jpg,nevus
train\nevus\nev05585.jpg,nevus
train\others\bcc01800.jpg,others
train\nevus\nev00712.jpg,nevus
train\nevus\nev07302.jpg,nevus
train\others\bcc01414.jpg,others
train\nevus\nev05533.jpg,nevus
train\nevus\nev00394.jpg,nevus
train\nevus\nev00252.jpg,nevus
train\others\bkl01550.jpg,others
train\others\mel00432.jpg,others
train\others\mel02085.jpg,others
train\others\bkl01126.jpg,others
train\others\bkl01193.jpg,others
train\others\mel01083.jpg,others
train\others\bkl00638.jpg,others
train\others\bcc00275.jpg,others
train\nevus\nev06411.jpg,nevus
train\nevus\nev04943.jpg,nevus
train\nevus\nev00504.jpg,nevus
train\others\bkl00692.jpg,others
train\nevus\nev01176.jpg,nevus
train\others\bkl01114.jpg,others
train\nevus\nev01973.jpg,nevus
train\nevus\nev00602.jpg,nevus
train\others\mel01076.jpg,others
train\nevus\nev05680.jpg,nevus
train\nevus\nev03435.jpg,nevus
train\nevus\nev04218.jpg,nevus
train\nevus\nev01057.jpg,nevus
train\nevus\nev02178.jpg,nevus
train\others\bcc01717.jpg,others
train\nevus\nev05774.jpg,nevus
train\nevus\nev05575.jpg,nevus
train\others\mel00428.jpg,others
train\others\bcc01974.jpg,others
train\others\ack00384.jpg,others
train\others\bcc00297.jpg,others
train\others\bkl00816.jpg,others
train\others\bcc01397.jpg,others
train\others\bcc00936.jpg,others
train\others\mel00098.jpg,others
train\nevus\nev07334.jpg,nevus
train\others\mel00167.jpg,others
train\others\bcc00259.jpg,others
train\others\mel01065.jpg,others
train\others\mel02578.jpg,others
train\others\bkl00989.jpg,others
train\nevus\nev04509.jpg,nevus
train\nevus\nev02985.jpg,nevus
train\nevus\nev03304.jpg,nevus
train\others\bcc01033.jpg,others
train\others\mel00991.jpg,others
train\others\bkl00502.jpg,others
train\others\bkl00653.jpg,others
train\nevus\nev02856.jpg,nevus
train\nevus\nev04413.jpg,nevus
train\nevus\nev07585.jpg,nevus
train\others\bkl00214.jpg,others
train\others\vac00018.jpg,others
train\others\mel01580.jpg,others
train\nevus\nev06115.jpg,nevus
train\others\mel00658.jpg,others
train\nevus\nev01808.jpg,nevus
train\others\mel02425.jpg,others
train\others\bkl01516.jpg,others
train\others\bcc00652.jpg,others
train\nevus\nev07542.jpg,nevus
train\nevus\nev03878.jpg,nevus
train\nevus\nev02677.jpg,nevus
train\others\bkl01562.jpg,others
train\nevus\nev01452.jpg,nevus
train\others\mel02204.jpg,others
train\nevus\nev00545.jpg,nevus
train\others\ack00183.jpg,others
train\others\mel00539.jpg,others
train\nevus\nev06452.jpg,nevus
train\nevus\nev00320.jpg,nevus
train\nevus\nev01791.jpg,nevus
train\nevus\nev05104.jpg,nevus
train\others\ack00432.jpg,others
train\others\bcc01504.jpg,others
train\nevus\nev03397.jpg,nevus
train\nevus\nev00512.jpg,nevus
train\others\mel00951.jpg,others
train\others\bkl00523.jpg,others
train\nevus\nev02654.jpg,nevus
train\nevus\nev03214.jpg,nevus
train\nevus\nev04561.jpg,nevus
train\nevus\nev03863.jpg,nevus
train\others\mel00967.jpg,others
train\nevus\nev06748.jpg,nevus
train\others\mel00694.jpg,others
train\others\bkl00695.jpg,others
train\others\bkl00019.jpg,others
train\nevus\nev00038.jpg,nevus
train\others\bkl00239.jpg,others
train\others\def00102.jpg,others
train\others\bcc01354.jpg,others
train\others\scc00240.jpg,others
train\nevus\nev06121.jpg,nevus
train\nevus\nev06532.jpg,nevus
train\nevus\nev04491.jpg,nevus
train\nevus\nev05378.jpg,nevus
train\nevus\nev05278.jpg,nevus
train\nevus\nev06671.jpg,nevus
train\others\mel00265.jpg,others
train\others\mel00354.jpg,others
train\others\bcc00955.jpg,others
train\others\bcc00791.jpg,others
train\others\scc00069.jpg,others
train\nevus\nev07139.jpg,nevus
train\nevus\nev03916.jpg,nevus
train\nevus\nev03909.jpg,nevus
train\others\bcc01940.jpg,others
train\others\vac00073.jpg,others
train\nevus\nev02861.jpg,nevus
train\nevus\nev05289.jpg,nevus
train\others\mel00655.jpg,others
train\nevus\nev00801.jpg,nevus
train\others\ack00216.jpg,others
train\others\mel01463.jpg,others
train\others\scc00130.jpg,others
train\nevus\nev04002.jpg,nevus
train\others\bkl01179.jpg,others
train\nevus\nev03622.jpg,nevus
train\nevus\nev01216.jpg,nevus
train\nevus\nev00132.jpg,nevus
train\others\bkl01552.jpg,others
train\others\bcc00493.jpg,others
train\others\bcc01087.jpg,others
train\others\mel02501.jpg,others
train\nevus\nev06371.jpg,nevus
train\others\mel02668.jpg,others
train\others\scc00281.jpg,others
train\others\ack00198.jpg,others
train\nevus\nev00081.jpg,nevus
train\nevus\nev06077.jpg,nevus
train\others\bcc00376.jpg,others
train\nevus\nev04939.jpg,nevus
train\others\mel00556.jpg,others
train\nevus\nev06868.jpg,nevus
train\others\bcc00206.jpg,others
train\others\ack00305.jpg,others
train\others\bcc00537.jpg,others
train\nevus\nev02657.jpg,nevus
train\nevus\nev03902.jpg,nevus
train\nevus\nev07441.jpg,nevus
train\nevus\nev02837.jpg,nevus
train\others\bkl01454.jpg,others
train\nevus\nev00107.jpg,nevus
train\nevus\nev03627.jpg,nevus
train\nevus\nev00713.jpg,nevus
train\nevus\nev00707.jpg,nevus
train\nevus\nev04961.jpg,nevus
train\others\mel01919.jpg,others
train\nevus\nev05088.jpg,nevus
train\others\mel01943.jpg,others
train\nevus\nev00859.jpg,nevus
train\nevus\nev03356.jpg,nevus
train\others\bcc00951.jpg,others
train\nevus\nev03810.jpg,nevus
train\nevus\nev01576.jpg,nevus
train\others\bcc01434.jpg,others
train\others\bkl00660.jpg,others
train\others\bkl00744.jpg,others
train\others\bkl00656.jpg,others
train\nevus\nev06365.jpg,nevus
train\others\mel02293.jpg,others
train\others\scc00011.jpg,others
train\others\mel02184.jpg,others
train\nevus\nev06694.jpg,nevus
train\nevus\nev03572.jpg,nevus
train\others\bkl00160.jpg,others
train\nevus\nev04295.jpg,nevus
train\others\vac00085.jpg,others
train\others\ack00017.jpg,others
train\nevus\nev02586.jpg,nevus
train\others\scc00267.jpg,others
train\others\mel00027.jpg,others
train\nevus\nev07702.jpg,nevus
train\nevus\nev05720.jpg,nevus
train\others\bcc00325.jpg,others
train\nevus\nev00643.jpg,nevus
train\others\bcc01015.jpg,others
train\others\bkl01354.jpg,others
train\others\mel02133.jpg,others
train\others\mel02090.jpg,others
train\nevus\nev06426.jpg,nevus
train\nevus\nev03460.jpg,nevus
train\nevus\nev07436.jpg,nevus
train\others\mel00923.jpg,others
train\others\def00117.jpg,others
train\others\bcc01696.jpg,others
train\others\bcc01134.jpg,others
train\others\bcc01419.jpg,others
train\nevus\nev07026.jpg,nevus
train\others\mel01569.jpg,others
train\nevus\nev06210.jpg,nevus
train\others\bkl00551.jpg,others
train\others\bkl01526.jpg,others
train\nevus\nev01288.jpg,nevus
train\nevus\nev03054.jpg,nevus
train\nevus\nev03543.jpg,nevus
train\nevus\nev06526.jpg,nevus
train\nevus\nev07415.jpg,nevus
train\nevus\nev07453.jpg,nevus
train\nevus\nev02813.jpg,nevus
train\nevus\nev01384.jpg,nevus
train\nevus\nev00234.jpg,nevus
train\others\bkl00025.jpg,others
train\others\mel01504.jpg,others
train\others\mel01503.jpg,others
train\nevus\nev07412.jpg,nevus
train\nevus\nev01075.jpg,nevus
train\nevus\nev06438.jpg,nevus
train\others\bkl00777.jpg,others
train\others\mel00393.jpg,others
train\others\def00060.jpg,others
train\nevus\nev02472.jpg,nevus
train\nevus\nev03149.jpg,nevus
train\others\ack00129.jpg,others
train\others\mel00840.jpg,others
train\others\mel01109.jpg,others
train\others\bkl00616.jpg,others
train\others\bkl01540.jpg,others
train\others\mel01197.jpg,others
train\others\bkl00482.jpg,others
train\others\mel02275.jpg,others
train\others\mel01074.jpg,others
train\nevus\nev01408.jpg,nevus
train\nevus\nev02573.jpg,nevus
train\others\mel01827.jpg,others
train\others\ack00047.jpg,others
train\nevus\nev00966.jpg,nevus
train\others\scc00261.jpg,others
train\nevus\nev00322.jpg,nevus
train\nevus\nev00510.jpg,nevus
train\others\mel00346.jpg,others
train\nevus\nev06164.jpg,nevus
train\others\ack00124.jpg,others
train\nevus\nev05621.jpg,nevus
train\nevus\nev01413.jpg,nevus
train\nevus\nev07240.jpg,nevus
train\others\bcc00823.jpg,others
train\others\bcc00491.jpg,others
train\nevus\nev04185.jpg,nevus
train\nevus\nev04517.jpg,nevus
train\others\bcc00110.jpg,others
train\nevus\nev01927.jpg,nevus
train\others\mel01124.jpg,others
train\nevus\nev06048.jpg,nevus
train\nevus\nev04802.jpg,nevus
train\nevus\nev04506.jpg,nevus
train\nevus\nev07389.jpg,nevus
train\others\bcc00361.jpg,others
train\others\mel01898.jpg,others
train\others\mel01426.jpg,others
train\nevus\nev02418.jpg,nevus
train\others\bcc00484.jpg,others
train\nevus\nev00737.jpg,nevus
train\nevus\nev04356.jpg,nevus
train\nevus\nev07058.jpg,nevus
train\nevus\nev05644.jpg,nevus
train\nevus\nev01058.jpg,nevus
train\others\bkl00818.jpg,others
train\nevus\nev06799.jpg,nevus
train\others\ack00499.jpg,others
train\others\scc00119.jpg,others
train\nevus\nev00997.jpg,nevus
train\others\bcc01976.jpg,others
train\nevus\nev04289.jpg,nevus
train\nevus\nev07703.jpg,nevus
train\others\bkl01107.jpg,others
train\others\scc00318.jpg,others
train\others\mel01565.jpg,others
train\others\mel01689.jpg,others
train\nevus\nev00178.jpg,nevus
train\nevus\nev07442.jpg,nevus
train\nevus\nev07516.jpg,nevus
train\nevus\nev03553.jpg,nevus
train\others\scc00283.jpg,others
train\others\bcc01861.jpg,others
train\others\bcc01535.jpg,others
train\others\bkl01219.jpg,others
train\nevus\nev00248.jpg,nevus
train\nevus\nev02550.jpg,nevus
train\nevus\nev04942.jpg,nevus
train\nevus\nev04953.jpg,nevus
train\others\bcc01671.jpg,others
train\others\bcc00343.jpg,others
train\nevus\nev00539.jpg,nevus
train\nevus\nev05154.jpg,nevus
train\nevus\nev06885.jpg,nevus
train\others\bcc00217.jpg,others
train\nevus\nev03290.jpg,nevus
train\others\mel01592.jpg,others
train\others\mel00077.jpg,others
train\others\mel01929.jpg,others
train\others\mel00642.jpg,others
train\nevus\nev00487.jpg,nevus
train\nevus\nev05254.jpg,nevus
train\others\bcc01525.jpg,others
train\others\ack00151.jpg,others
train\others\bkl00259.jpg,others
train\nevus\nev06058.jpg,nevus
train\nevus\nev00853.jpg,nevus
train\others\mel02405.jpg,others
train\nevus\nev00787.jpg,nevus
train\others\def00018.jpg,others
train\others\mel00824.jpg,others
train\others\bcc00189.jpg,others
train\others\def00088.jpg,others
train\nevus\nev05793.jpg,nevus
train\nevus\nev00032.jpg,nevus
train\others\mel02664.jpg,others
train\others\bcc00923.jpg,others
train\nevus\nev00492.jpg,nevus
train\nevus\nev03393.jpg,nevus
train\nevus\nev05519.jpg,nevus
train\nevus\nev04727.jpg,nevus
train\nevus\nev01375.jpg,nevus
train\others\mel00342.jpg,others
train\others\bcc01501.jpg,others
train\others\mel02322.jpg,others
train\others\mel00507.jpg,others
train\nevus\nev02108.jpg,nevus
train\others\bcc01408.jpg,others
train\others\bkl00207.jpg,others
train\nevus\nev00355.jpg,nevus
train\others\bkl01059.jpg,others
train\nevus\nev07203.jpg,nevus
train\others\def00031.jpg,others
train\nevus\nev07515.jpg,nevus
train\nevus\nev03838.jpg,nevus
train\others\bkl01198.jpg,others
train\others\bkl00650.jpg,others
train\others\ack00286.jpg,others
train\nevus\nev03690.jpg,nevus
train\others\bkl00531.jpg,others
train\nevus\nev00368.jpg,nevus
train\others\bkl00646.jpg,others
train\nevus\nev07672.jpg,nevus
train\nevus\nev05266.jpg,nevus
train\others\mel02225.jpg,others
train\nevus\nev02303.jpg,nevus
train\others\bkl00867.jpg,others
train\nevus\nev04237.jpg,nevus
train\nevus\nev07230.jpg,nevus
train\others\bkl00290.jpg,others
train\others\bcc01188.jpg,others
train\others\ack00201.jpg,others
train\nevus\nev07146.jpg,nevus
train\others\mel00855.jpg,others
train\others\bcc01438.jpg,others
train\nevus\nev07107.jpg,nevus
train\others\bkl01112.jpg,others
train\nevus\nev00933.jpg,nevus
train\others\mel01950.jpg,others
train\nevus\nev06543.jpg,nevus
train\others\bcc01288.jpg,others
train\nevus\nev00790.jpg,nevus
train\nevus\nev06544.jpg,nevus
train\nevus\nev03455.jpg,nevus
train\nevus\nev06632.jpg,nevus
train\others\bkl00643.jpg,others
train\others\bkl00449.jpg,others
train\nevus\nev03102.jpg,nevus
train\others\mel00871.jpg,others
train\nevus\nev06687.jpg,nevus
train\others\mel01779.jpg,others
train\others\ack00100.jpg,others
train\nevus\nev03051.jpg,nevus
train\others\bcc01933.jpg,others
train\nevus\nev05236.jpg,nevus
train\nevus\nev01347.jpg,nevus
train\others\ack00252.jpg,others
train\nevus\nev03261.jpg,nevus
train\others\bkl01156.jpg,others
train\nevus\nev04102.jpg,nevus
train\others\bcc01804.jpg,others
train\others\bkl01510.jpg,others
train\others\bkl01186.jpg,others
train\others\bcc01169.jpg,others
train\others\mel00600.jpg,others
train\others\bcc01138.jpg,others
train\others\mel02676.jpg,others
train\others\bcc01857.jpg,others
train\others\mel01384.jpg,others
train\others\bcc00914.jpg,others
train\others\mel00374.jpg,others
train\others\mel00966.jpg,others
train\others\mel01552.jpg,others
train\nevus\nev04797.jpg,nevus
train\nevus\nev03899.jpg,nevus
train\others\bcc01074.jpg,others
train\nevus\nev01169.jpg,nevus
train\nevus\nev04372.jpg,nevus
train\others\bcc01606.jpg,others
train\others\mel01653.jpg,others
train\nevus\nev03095.jpg,nevus
train\others\mel02382.jpg,others
train\others\bcc00032.jpg,others
train\nevus\nev06913.jpg,nevus
train\others\ack00153.jpg,others
train\nevus\nev05814.jpg,nevus
train\others\mel00770.jpg,others
train\nevus\nev00240.jpg,nevus
train\nevus\nev04197.jpg,nevus
train\nevus\nev06202.jpg,nevus
train\others\mel02373.jpg,others
train\others\bkl01205.jpg,others
train\nevus\nev06759.jpg,nevus
train\others\mel01472.jpg,others
train\others\mel02648.jpg,others
train\nevus\nev03298.jpg,nevus
train\nevus\nev06729.jpg,nevus
train\others\bcc01283.jpg,others
train\others\scc00268.jpg,others
train\nevus\nev00497.jpg,nevus
train\nevus\nev06345.jpg,nevus
train\others\ack00328.jpg,others
train\others\bcc01003.jpg,others
train\others\def00116.jpg,others
train\nevus\nev05101.jpg,nevus
train\others\bkl00880.jpg,others
train\others\bkl01409.jpg,others
train\nevus\nev03837.jpg,nevus
train\nevus\nev02376.jpg,nevus
train\nevus\nev01019.jpg,nevus
train\others\mel00467.jpg,others
train\nevus\nev06857.jpg,nevus
train\nevus\nev01145.jpg,nevus
train\nevus\nev00200.jpg,nevus
train\nevus\nev07446.jpg,nevus
train\others\bkl00370.jpg,others
train\others\mel00837.jpg,others
train\nevus\nev04648.jpg,nevus
train\others\bkl01262.jpg,others
train\others\bcc00395.jpg,others
train\nevus\nev00458.jpg,nevus
train\others\ack00219.jpg,others
train\nevus\nev02265.jpg,nevus
train\others\bcc00631.jpg,others
train\nevus\nev04596.jpg,nevus
train\nevus\nev04623.jpg,nevus
train\nevus\nev06869.jpg,nevus
train\others\bkl00023.jpg,others
train\nevus\nev02765.jpg,nevus
train\others\mel02711.jpg,others
train\nevus\nev01534.jpg,nevus
train\nevus\nev06313.jpg,nevus
train\others\def00122.jpg,others
train\others\bcc01466.jpg,others
train\nevus\nev02996.jpg,nevus
train\others\mel01283.jpg,others
train\others\mel01627.jpg,others
train\nevus\nev02828.jpg,nevus
train\others\bcc01565.jpg,others
train\others\bcc01284.jpg,others
train\nevus\nev02183.jpg,nevus
train\nevus\nev07211.jpg,nevus
train\nevus\nev07636.jpg,nevus
train\nevus\nev05611.jpg,nevus
train\others\ack00488.jpg,others
train\others\mel01789.jpg,others
train\others\bcc01738.jpg,others
train\nevus\nev01403.jpg,nevus
train\nevus\nev02234.jpg,nevus
train\nevus\nev03146.jpg,nevus
train\others\ack00028.jpg,others
train\nevus\nev03839.jpg,nevus
train\nevus\nev00426.jpg,nevus
train\others\bcc01569.jpg,others
train\others\bcc01954.jpg,others
train\nevus\nev04142.jpg,nevus
train\nevus\nev03704.jpg,nevus
train\nevus\nev03915.jpg,nevus
train\nevus\nev05164.jpg,nevus
train\nevus\nev03793.jpg,nevus
train\others\def00140.jpg,others
train\others\mel02343.jpg,others
train\nevus\nev00577.jpg,nevus
train\nevus\nev01727.jpg,nevus
train\nevus\nev05608.jpg,nevus
train\nevus\nev02482.jpg,nevus
train\nevus\nev06024.jpg,nevus
train\nevus\nev07176.jpg,nevus
train\nevus\nev02346.jpg,nevus
train\others\bcc01636.jpg,others
train\others\bkl01264.jpg,others
train\others\ack00346.jpg,others
train\others\ack00184.jpg,others
train\nevus\nev01321.jpg,nevus
train\nevus\nev01624.jpg,nevus
train\others\mel01102.jpg,others
train\others\mel01763.jpg,others
train\nevus\nev01616.jpg,nevus
train\nevus\nev03721.jpg,nevus
train\others\mel01351.jpg,others
train\nevus\nev00536.jpg,nevus
train\others\mel01748.jpg,others
train\others\mel00768.jpg,others
train\nevus\nev02535.jpg,nevus
train\others\mel01977.jpg,others
train\nevus\nev02111.jpg,nevus
train\others\mel02646.jpg,others
train\nevus\nev05000.jpg,nevus
train\nevus\nev04169.jpg,nevus
train\nevus\nev04249.jpg,nevus
train\others\mel01304.jpg,others
train\others\mel02360.jpg,others
train\nevus\nev00477.jpg,nevus
train\others\mel00589.jpg,others
train\nevus\nev02700.jpg,nevus
train\others\bcc01547.jpg,others
train\nevus\nev02522.jpg,nevus
train\nevus\nev06100.jpg,nevus
train\nevus\nev00049.jpg,nevus
train\nevus\nev02466.jpg,nevus
train\others\bcc01392.jpg,others
train\nevus\nev02904.jpg,nevus
train\others\mel01663.jpg,others
train\others\mel01199.jpg,others
train\others\mel00506.jpg,others
train\others\bcc00747.jpg,others
train\nevus\nev01657.jpg,nevus
train\nevus\nev03962.jpg,nevus
train\others\bkl00530.jpg,others
train\nevus\nev07254.jpg,nevus
train\others\bkl01047.jpg,others
train\nevus\nev03535.jpg,nevus
train\others\mel02224.jpg,others
train\nevus\nev07037.jpg,nevus
train\nevus\nev06271.jpg,nevus
train\nevus\nev04425.jpg,nevus
train\others\bcc00047.jpg,others
train\nevus\nev00749.jpg,nevus
train\nevus\nev00488.jpg,nevus
train\others\ack00358.jpg,others
train\others\scc00114.jpg,others
train\nevus\nev00683.jpg,nevus
train\others\ack00102.jpg,others
train\others\bcc01220.jpg,others
train\others\bkl00372.jpg,others
train\nevus\nev01026.jpg,nevus
train\nevus\nev05860.jpg,nevus
train\others\mel01181.jpg,others
train\nevus\nev06122.jpg,nevus
train\others\bcc00706.jpg,others
train\nevus\nev00020.jpg,nevus
train\nevus\nev00469.jpg,nevus
train\others\def00084.jpg,others
train\nevus\nev04512.jpg,nevus
train\nevus\nev01386.jpg,nevus
train\nevus\nev02655.jpg,nevus
train\nevus\nev06124.jpg,nevus
train\nevus\nev04360.jpg,nevus
train\others\bkl00452.jpg,others
train\others\mel01461.jpg,others
train\others\bcc01563.jpg,others
train\others\bkl00557.jpg,others
train\others\bcc00111.jpg,others
train\others\bcc00859.jpg,others
train\others\bcc00023.jpg,others
train\nevus\nev04767.jpg,nevus
train\others\mel00927.jpg,others
train\others\mel00317.jpg,others
train\others\ack00085.jpg,others
train\others\bkl01082.jpg,others
train\others\bcc01325.jpg,others
train\others\bcc01887.jpg,others
train\others\mel02615.jpg,others
train\others\mel02470.jpg,others
train\others\mel00852.jpg,others
train\others\bcc00807.jpg,others
train\nevus\nev04061.jpg,nevus
train\nevus\nev06930.jpg,nevus
train\nevus\nev02329.jpg,nevus
train\others\bcc00644.jpg,others
train\others\bcc00056.jpg,others
train\nevus\nev04954.jpg,nevus
train\nevus\nev07310.jpg,nevus
train\nevus\nev05705.jpg,nevus
train\others\scc00182.jpg,others
train\others\bcc01847.jpg,others
train\nevus\nev00080.jpg,nevus
train\nevus\nev05577.jpg,nevus
train\nevus\nev02866.jpg,nevus
train\others\ack00116.jpg,others
train\others\bcc00138.jpg,others
train\others\bkl01325.jpg,others
train\others\bkl00279.jpg,others
train\others\bcc01567.jpg,others
train\nevus\nev07299.jpg,nevus
train\nevus\nev06899.jpg,nevus
train\nevus\nev06334.jpg,nevus
train\others\bcc01079.jpg,others
train\others\mel02591.jpg,others
train\nevus\nev04240.jpg,nevus
train\nevus\nev05600.jpg,nevus
train\nevus\nev07546.jpg,nevus
train\nevus\nev06742.jpg,nevus
train\nevus\nev01245.jpg,nevus
train\others\bkl00810.jpg,others
train\nevus\nev01721.jpg,nevus
train\nevus\nev05034.jpg,nevus
train\others\mel00717.jpg,others
train\nevus\nev02095.jpg,nevus
train\nevus\nev03482.jpg,nevus
train\nevus\nev07224.jpg,nevus
train\others\ack00315.jpg,others
train\others\bcc01350.jpg,others
train\others\mel02258.jpg,others
train\nevus\nev03972.jpg,nevus
train\others\mel01805.jpg,others
train\others\bkl01466.jpg,others
train\nevus\nev01545.jpg,nevus
train\nevus\nev02891.jpg,nevus
train\nevus\nev03239.jpg,nevus
train\others\bkl00798.jpg,others
train\others\bkl01231.jpg,others
train\nevus\nev00642.jpg,nevus
train\nevus\nev01804.jpg,nevus
train\nevus\nev06457.jpg,nevus
train\others\mel02651.jpg,others
train\others\mel01081.jpg,others
train\nevus\nev03092.jpg,nevus
train\others\mel02495.jpg,others
train\nevus\nev06204.jpg,nevus
train\nevus\nev01204.jpg,nevus
train\nevus\nev07396.jpg,nevus
train\nevus\nev05014.jpg,nevus
train\others\mel01866.jpg,others
train\others\mel00598.jpg,others
train\others\ack00339.jpg,others
train\others\bcc01632.jpg,others
train\nevus\nev01484.jpg,nevus
train\others\mel02295.jpg,others
train\others\mel00538.jpg,others
train\others\bkl00749.jpg,others
train\others\def00134.jpg,others
train\nevus\nev03318.jpg,nevus
train\others\mel00389.jpg,others
train\nevus\nev00998.jpg,nevus
train\nevus\nev04478.jpg,nevus
train\nevus\nev02437.jpg,nevus
train\others\mel00575.jpg,others
train\nevus\nev00258.jpg,nevus
train\nevus\nev05911.jpg,nevus
train\nevus\nev05467.jpg,nevus
train\nevus\nev00587.jpg,nevus
train\others\bcc00930.jpg,others
train\others\mel01927.jpg,others
train\nevus\nev03568.jpg,nevus
train\others\mel01862.jpg,others
train\others\mel02654.jpg,others
train\nevus\nev04679.jpg,nevus
train\others\bcc01631.jpg,others
train\others\mel02049.jpg,others
train\others\bcc00707.jpg,others
train\nevus\nev05588.jpg,nevus
train\nevus\nev02606.jpg,nevus
train\nevus\nev07689.jpg,nevus
train\others\bcc01524.jpg,others
train\nevus\nev06709.jpg,nevus
train\others\bcc00216.jpg,others
train\nevus\nev04141.jpg,nevus
train\others\bkl00346.jpg,others
train\others\bcc00172.jpg,others
train\others\mel00587.jpg,others
train\others\mel01542.jpg,others
train\others\scc00042.jpg,others
train\others\bkl01020.jpg,others
train\nevus\nev00333.jpg,nevus
train\nevus\nev04594.jpg,nevus
train\nevus\nev03007.jpg,nevus
train\others\bkl00854.jpg,others
train\nevus\nev02747.jpg,nevus
train\nevus\nev04160.jpg,nevus
train\others\bcc00542.jpg,others
train\others\bcc01495.jpg,others
train\others\bcc00974.jpg,others
train\nevus\nev04826.jpg,nevus
train\nevus\nev01769.jpg,nevus
train\others\mel01059.jpg,others
train\nevus\nev03310.jpg,nevus
train\nevus\nev04863.jpg,nevus
train\nevus\nev03155.jpg,nevus
train\others\mel01264.jpg,others
train\others\bkl01164.jpg,others
train\others\mel01605.jpg,others
train\others\mel01737.jpg,others
train\others\mel00501.jpg,others
train\nevus\nev03850.jpg,nevus
train\nevus\nev01707.jpg,nevus
train\nevus\nev05431.jpg,nevus
train\nevus\nev06715.jpg,nevus
train\others\bkl01387.jpg,others
train\nevus\nev00057.jpg,nevus
train\nevus\nev02277.jpg,nevus
train\others\ack00005.jpg,others
train\others\mel00984.jpg,others
train\others\mel01698.jpg,others
train\others\bkl01427.jpg,others
train\nevus\nev00764.jpg,nevus
train\nevus\nev06916.jpg,nevus
train\others\bkl01121.jpg,others
train\others\bkl01279.jpg,others
train\others\bkl00257.jpg,others
train\others\mel00148.jpg,others
train\nevus\nev01147.jpg,nevus
train\others\def00039.jpg,others
train\nevus\nev03533.jpg,nevus
train\nevus\nev05988.jpg,nevus
train\nevus\nev05864.jpg,nevus
train\nevus\nev05744.jpg,nevus
train\nevus\nev01953.jpg,nevus
train\others\bcc00288.jpg,others
train\others\bkl00983.jpg,others
train\others\mel02045.jpg,others
train\nevus\nev01018.jpg,nevus
train\others\bkl01428.jpg,others
train\nevus\nev01303.jpg,nevus
train\nevus\nev06152.jpg,nevus
train\others\bcc00553.jpg,others
train\nevus\nev04152.jpg,nevus
train\nevus\nev00051.jpg,nevus
train\nevus\nev05548.jpg,nevus
train\others\bkl01515.jpg,others
train\nevus\nev00402.jpg,nevus
train\nevus\nev02454.jpg,nevus
train\nevus\nev03246.jpg,nevus
train\others\bkl01191.jpg,others
train\others\bkl01220.jpg,others
train\nevus\nev01023.jpg,nevus
train\nevus\nev03341.jpg,nevus
train\nevus\nev03581.jpg,nevus
train\others\bcc01979.jpg,others
train\others\bkl00497.jpg,others
train\others\mel00831.jpg,others
train\others\bkl00382.jpg,others
train\others\bcc01697.jpg,others
train\others\bcc00411.jpg,others
train\others\bcc01394.jpg,others
train\nevus\nev06682.jpg,nevus
train\nevus\nev02779.jpg,nevus
train\others\bkl00204.jpg,others
train\others\bcc01318.jpg,others
train\others\mel01277.jpg,others
train\others\mel02194.jpg,others
train\others\bcc00892.jpg,others
train\others\mel01174.jpg,others
train\nevus\nev00470.jpg,nevus
train\nevus\nev04507.jpg,nevus
train\others\mel02401.jpg,others
train\others\def00059.jpg,others
train\others\bkl01306.jpg,others
train\others\bcc00727.jpg,others
train\others\mel01682.jpg,others
train\nevus\nev00555.jpg,nevus
train\others\bkl00096.jpg,others
train\others\mel01367.jpg,others
train\others\bcc00612.jpg,others
train\others\mel02531.jpg,others
train\nevus\nev02514.jpg,nevus
train\nevus\nev06900.jpg,nevus
train\nevus\nev03079.jpg,nevus
train\nevus\nev01546.jpg,nevus
train\others\mel00074.jpg,others
train\others\bkl00665.jpg,others
train\nevus\nev01851.jpg,nevus
train\nevus\nev06087.jpg,nevus
train\others\mel01104.jpg,others
train\others\bkl00201.jpg,others
train\nevus\nev04127.jpg,nevus
train\nevus\nev01282.jpg,nevus
train\others\bkl01426.jpg,others
train\others\mel01071.jpg,others
train\nevus\nev04167.jpg,nevus
train\nevus\nev05332.jpg,nevus
train\nevus\nev03144.jpg,nevus
train\others\mel01524.jpg,others
train\others\mel01121.jpg,others
train\nevus\nev01913.jpg,nevus
train\others\bcc00526.jpg,others
train\others\bkl00708.jpg,others
train\nevus\nev06316.jpg,nevus
train\nevus\nev00231.jpg,nevus
train\nevus\nev01559.jpg,nevus
train\nevus\nev04191.jpg,nevus
train\nevus\nev03211.jpg,nevus
train\others\bcc01905.jpg,others
train\others\bkl01272.jpg,others
train\nevus\nev04103.jpg,nevus
train\others\mel00603.jpg,others
train\nevus\nev02025.jpg,nevus
train\others\bcc00383.jpg,others
train\nevus\nev03247.jpg,nevus
train\nevus\nev04190.jpg,nevus
train\others\mel02462.jpg,others
train\nevus\nev04424.jpg,nevus
train\others\scc00206.jpg,others
train\nevus\nev01422.jpg,nevus
train\nevus\nev06881.jpg,nevus
train\nevus\nev00409.jpg,nevus
train\nevus\nev06792.jpg,nevus
train\others\bkl00922.jpg,others
train\others\mel01157.jpg,others
train\nevus\nev06135.jpg,nevus
train\others\bcc01286.jpg,others
train\nevus\nev06973.jpg,nevus
train\others\bkl01557.jpg,others
train\nevus\nev00309.jpg,nevus
train\nevus\nev04693.jpg,nevus
train\others\scc00002.jpg,others
train\others\mel00117.jpg,others
train\others\bcc00680.jpg,others
train\others\mel02259.jpg,others
train\nevus\nev02184.jpg,nevus
train\others\mel00784.jpg,others
train\nevus\nev06367.jpg,nevus
train\nevus\nev02771.jpg,nevus
train\nevus\nev03468.jpg,nevus
train\others\bcc00729.jpg,others
train\others\bcc01850.jpg,others
train\others\scc00216.jpg,others
train\nevus\nev04831.jpg,nevus
train\nevus\nev03406.jpg,nevus
train\others\bcc01637.jpg,others
train\nevus\nev00350.jpg,nevus
train\nevus\nev07660.jpg,nevus
train\nevus\nev04018.jpg,nevus
train\nevus\nev01579.jpg,nevus
train\nevus\nev00218.jpg,nevus
train\nevus\nev03825.jpg,nevus
train\others\bcc00673.jpg,others
train\others\mel02665.jpg,others
train\nevus\nev05352.jpg,nevus
train\nevus\nev05560.jpg,nevus
train\nevus\nev06936.jpg,nevus
train\nevus\nev02629.jpg,nevus
train\nevus\nev01650.jpg,nevus
train\nevus\nev02875.jpg,nevus
train\others\mel01294.jpg,others
train\nevus\nev05843.jpg,nevus
train\others\bcc00567.jpg,others
train\nevus\nev06484.jpg,nevus
train\others\vac00134.jpg,others
train\nevus\nev05046.jpg,nevus
train\others\mel02515.jpg,others
train\nevus\nev06252.jpg,nevus
train\others\bkl00635.jpg,others
train\nevus\nev04072.jpg,nevus
train\nevus\nev02390.jpg,nevus
train\others\mel02105.jpg,others
train\others\mel02516.jpg,others
train\others\bcc01552.jpg,others
train\nevus\nev00150.jpg,nevus
train\nevus\nev05771.jpg,nevus
train\nevus\nev03555.jpg,nevus
train\others\bcc00408.jpg,others
train\nevus\nev01394.jpg,nevus
train\others\mel02338.jpg,others
train\others\bkl01519.jpg,others
train\nevus\nev01323.jpg,nevus
train\others\scc00272.jpg,others
train\nevus\nev05194.jpg,nevus
train\nevus\nev06745.jpg,nevus
train\nevus\nev01028.jpg,nevus
train\others\mel02453.jpg,others
train\nevus\nev01406.jpg,nevus
train\others\bkl01089.jpg,others
train\others\bkl00829.jpg,others
train\others\bcc01423.jpg,others
train\others\bcc01309.jpg,others
train\others\bkl00047.jpg,others
train\others\vac00130.jpg,others
train\others\bkl01033.jpg,others
train\others\bkl01115.jpg,others
train\nevus\nev03378.jpg,nevus
train\nevus\nev01047.jpg,nevus
train\others\mel00470.jpg,others
train\nevus\nev03923.jpg,nevus
train\nevus\nev07510.jpg,nevus
train\nevus\nev06795.jpg,nevus
train\nevus\nev07327.jpg,nevus
train\nevus\nev00170.jpg,nevus
train\nevus\nev04575.jpg,nevus
train\others\mel01042.jpg,others
train\others\mel02240.jpg,others
train\others\mel00893.jpg,others
train\others\mel01822.jpg,others
train\others\bkl01018.jpg,others
train\nevus\nev02399.jpg,nevus
train\others\bcc00995.jpg,others
train\nevus\nev04437.jpg,nevus
train\nevus\nev00027.jpg,nevus
train\nevus\nev01515.jpg,nevus
train\others\bkl00359.jpg,others
train\nevus\nev00474.jpg,nevus
train\others\bkl00917.jpg,others
train\nevus\nev01946.jpg,nevus
train\others\ack00440.jpg,others
train\nevus\nev00074.jpg,nevus
train\others\ack00140.jpg,others
train\others\ack00150.jpg,others
train\others\mel02351.jpg,others
train\nevus\nev05307.jpg,nevus
train\others\bcc01934.jpg,others
train\others\bkl00762.jpg,others
train\nevus\nev06378.jpg,nevus
train\nevus\nev00734.jpg,nevus
train\nevus\nev03291.jpg,nevus
train\others\mel01011.jpg,others
train\nevus\nev00501.jpg,nevus
train\nevus\nev00909.jpg,nevus
train\others\bkl00456.jpg,others
train\nevus\nev01845.jpg,nevus
train\nevus\nev07595.jpg,nevus
train\others\bcc00151.jpg,others
train\others\bkl00297.jpg,others
train\nevus\nev02511.jpg,nevus
train\others\ack00164.jpg,others
train\others\mel02008.jpg,others
train\others\bcc01331.jpg,others
train\others\bcc00604.jpg,others
train\others\bcc00827.jpg,others
train\nevus\nev03828.jpg,nevus
train\others\mel00431.jpg,others
train\others\bcc01952.jpg,others
train\others\bcc01550.jpg,others
train\others\mel00938.jpg,others
train\others\mel02005.jpg,others
train\nevus\nev05020.jpg,nevus
train\nevus\nev01371.jpg,nevus
train\nevus\nev00070.jpg,nevus
train\others\bkl01450.jpg,others
train\nevus\nev07429.jpg,nevus
train\others\bcc01449.jpg,others
train\others\bkl00503.jpg,others
train\nevus\nev00695.jpg,nevus
train\others\mel02487.jpg,others
train\nevus\nev03015.jpg,nevus
train\nevus\nev07008.jpg,nevus
train\nevus\nev07627.jpg,nevus
train\nevus\nev02099.jpg,nevus
train\nevus\nev05019.jpg,nevus
train\others\mel01285.jpg,others
train\others\bcc00783.jpg,others
train\others\ack00412.jpg,others
train\others\bkl01248.jpg,others
train\others\bkl00031.jpg,others
train\others\mel01055.jpg,others
train\others\ack00258.jpg,others
train\nevus\nev00018.jpg,nevus
train\nevus\nev02267.jpg,nevus
train\nevus\nev02624.jpg,nevus
train\others\ack00281.jpg,others
train\others\bkl00819.jpg,others
